Timestamp,MostRecent,Markov Chain,Frequency Weighted,ARIMA Trend,Hot/Cold,Sum & Parity,Difference Pattern,Gap Analysis,Modulo Pattern,Entropy Trend,FFT Cycle Detection,Higher-Order Markov,Cluster Analysis,Lagged Correlation,Bayesian Updating,ML Predictor (RandomForest)
2025-07-26 01:57:21.192711,84,84,437,500,539,462,0,35,41,57,232,848,290,562,806,84
2025-07-26 02:06:22.917940,84,84,538,500,539,808,0,208,744,786,288,842,185,562,806,614
2025-07-26 02:08:01.384901,84,84,308,500,539,84,0,270,857,142,752,848,174,562,806,182
2025-07-26 02:19:08.308191,84,84,122,500,539,782,0,206,802,486,236,845,371,562,806,872
2025-07-26 02:19:35.927761,84,84,747,500,539,643,0,263,114,288,707,842,261,562,806,906
2025-07-26 02:19:57.356814,84,84,915,500,539,583,0,270,760,212,527,840,273,562,806,710
2025-07-26 02:20:19.766586,84,84,537,500,539,607,0,207,56,648,57,845,273,562,806,32
2025-07-26 02:21:09.570280,84,84,403,500,539,374,0,272,467,782,356,845,62,562,806,571
2025-07-26 02:23:06.352317,84,84,435,500,539,518,0,256,116,870,656,842,80,562,806,564
